usuario,cantidad
user,0
gloriaymelgar,0
ta_dije,4
fmflorida89_3,35
taniadelche,2
tvflorida,41
flor_cue,0
crmermelstein,0
sandras15947989,0
mor_ticia,2
profcollette,13
cavanamoon,3
jjavierdeleon,3
culovich2,0
canaltevemas,3
msartiguista,3
noeolipasi,2
nahueldaluz,0
oandradelallana,3
paulino03555904,0
tvciudaduy,3
joranfer17,0
bientwitero,0
googubgjoob,0
yacasinosoy,0
zdel81,0
dimtteeo,1
4ta_reivajcuchu,0
_pabloggg,0
sison1959,2
ladiaria,1
renovainfouy,3
sebagardener,0
ferchu1001,6
fiscalhonorario,2
exnihilus,0
elpaisuy,5
rialgi,0
robertolrey,1
bigbo_politics,1
antoniooglio,0
frente_amplio,3
ffleita,12
ximshhxt,0
lia_pucciano,1
roberto36300088,0
zully_silva,2
gabrieu_el,0
juanchoriental,1
nefridio,0
venceremosfa,0
jade310522,0
lysoy4,0
sandrax25444555,0
cabvuy,10
tinchodr4,0
mauro_norge,0
sergiocasales,1
walterhaguilarp,0
_maxbarraza,0
melofederico,1
donaldd20173924,0
caballerodep,0
enricoves,0
paty78,0
darioelque,0
vivizlesbians,0
evelyn23714000,0
martn40375074,0
fvargasfoto,0
ootabare,5
elpenela,2
raulglfc1915,3
natygrisy35,0
martinaldaya,12
casablanca1109,0
tickie18,0
liberarceuy,4
salangox100pre,0
noctvrnalsyp,0
clauoliveramvd,16
parabel36160045,0
mica_bezonas,2
mariagouy,0
nahuelogas,0
miriamrod61,3
xiomara_d14z,0
jonatha91420907,0
gera_nunez1001,0
jimmyproton8,0
alonnnsozoe,0
tamatane1,0
guyunusa8,4
alerodrig21,0
jeperipingopos1,11
oberonsixsixsix,0
jfaeste,0
agrinigue,0
serra_sur,0
darwincanelones,0
nacho72368312,1
leagrille,1
marioluiscabra1,1
lausala58,0
gallineta_negra,0
danielortiz642,2
mariela9570,0
francocarlosac1,0
anarosso15,0
sofibenitez2906,2
brunojabib,1
marcosrsocram,0
silviamars2,0
tete1905,14
jorgepe89015846,1
giovann36431951,1
walterbuffa1,0
tallerdelucas,0
chcarreraleal,0
victorr63713304,1
abrahan12903343,0
wolfauror,1
jeb15978927,0
luismi_mh,0
julietazidan,0
mppcanelones,2
maryege,2
ebraquett,0
sandrainesrozo,0
alegianakis,1
bamj16,0
jlpz65,0
bancadacyan,0
milagroscenizo2,0
bozzanogervasio,0
asunmerineros,0
argentino_junin,0
lahuellasv,0
km2pe,0
gragasaki,0
reclamos,1
leonardomagno_4,3
visor_21,0
_vicecxptain,0
sofonisba20,0
pacotejera,1
waldenmacnair1,2
5plexo91,0
junerguzman,0
beaconsecuente,2
marciomar1992,0
susana_zz,0
veronicarf1212,9
kamba_lucy,5
marioschzgarcia,0
sergio_antonoff,0
luagazarian,3
cupertina54,1
roedmacr,0
verododera,0
lsiritto,0
alejojojo69,0
fedespot,0
francopereira29,0
sandrarossanag1,0
alfreassanelli,0
jaimenievesdiz,0
fernandolarrosa,1
laurague1977,0
pablosilvagon,4
marta_alvarezt,1
infocapitaluy,0
pepeartigas2,0
hijo_de_utah,0
caratsquad_,0
luis2an,0
patheticappetit,0
as_colombia,0
damian13miller,0
davidb46_f,0
arodrig53426357,1
keyceci,0
graciel34949118,0
jovencgtp,0
withcuddiing,0
gabrielarrii1,0
crccol,0
alberto30067979,0
dcaggiani,0
jlhalabi,3
miltonandrsalm2,0
veronica_mato,0
artu_helver,0
sebapod,0
alvaro_rdm,0
garzonunal,0
lilian16693620,0
aseval_2020,0
beautlfulmurder,0
necr0ph0b1c0,0
kegresse1,0
florenc34890589,0
mpp609,6
tereaxe78,5
luciabula,11
jequi13,0
martinoparada,0
tordos3,0
orsonisback,1
julio180762,0
pedroyepezc,1
fernand83006694,0
mbrechner,0
jovenesporelsi,1
chalaka27,0
escobedoadrie,0
davidfiloc,0
elfuribista,2
marcelosimba2,0
mortificadx,0
codice21_,0
renkylion,0
sabuesognu,0
asukax_dx,0
abelinalopezr,0
232edwin,0
patrici47775382,0
castellanosok,0
natalia_dp,0
vazerrat,0
clownxsunrise,0
telemundoabi,0
__agxs_,0
theunder2019,0
marcio_dal,2
adrianabravist6,1
cesarga15034457,0
sangreazzurra,3
luquuee2,0
mausant2010,1
enzzychill,0
energiaadebate,0
elpais_america,0
irvin_lefthand,0
jonhyhuerta,0
arodrigo3,0
univisionaz,0
ultimominutotw,0
dabidomination,0
francisbuendiaz,0
miamolroc,0
zaidalovaton,0
dinomadridmx,0
juandelmundo2,0
elmerm727,0
marinel47315696,0
hijitadetaylorr,0
yari_coffee,0
futbolcldato,1
theo93_7,0
dibonomiguel,0
robertomosteiro,0
geitley,0
servandoob,0
eluniversalctg,0
landsheerde,0
micaacarughi,0
intoleranciaid,0
isaa2211,0
barrabufalo_mfc,0
dani_el75,0
ligamxexpansion,2
bursitia,0
maya_torres99,0
edgarav78819088,0
nisantosnilocos,0
diegonoticias,0
lhhonlyismine28,0
gatocincoveses1,0
vero_langelinie,0
movilesh,0
queleer,0
aripolk1234,0
radioazulchile,0
lostgazebos,0
ares44881413,0
edson_cortez,0
dastier92,0
diaz6183,0
michellepnav,0
aldana_arocena,0
mnstrscnme,0
rg80447386,0
bomberosquito,0
miniemiz,0
efra_solano,0
hoyospeatonales,0
martinavilao,0
captierno,0
phobix__,0
cardotano,0
canal_dansolo,0
soycanario,0
pcanaval,0
daemon_1020,0
fernandezemi__,0
desimasi2,0
rosamar6254,0
weirdovet,0
jaimearodrguezr,0
ftepazulgrana,0
camilapllco,0
tv_catv,0
novoamesa,0
taequeyoyo,0
mrtommy,0
monagas_sc,0
juanpis880927,0
jamesmememex,0
laopinionpr,0
vicoogomezz,0
aguss__ro,0
gocombolivia,0
alairelibrecl,5
cooperativa,3
juls_model,0
brp1nkknight,0
clorobles2,0
prisribo,0
lardone_luis,0
monchodomestico,0
noticiasdsalud,0
ele_iia,0
estebanriciutti,0
elizaazu,0
crisy90,0
dp_jorge,0
uriel16549924,0
mxssmaximoff,0
dhu84,0
suckmypatronus,0
dongatotico,0
pauloklokov_84,0
micaelafd99,0
gsnoticiascol,0
ritaguillermo,0
finoyossen,0
harleymexico,0
loflipo4,0
rokkfuentes,0
esteban_delrio,0
salsalavida,0
renzobaratta,0
gutierrezless,0
elsoy_yov,0
btsxarmyarg,0
amandhylyon,0
maluradio,0
elnacionalrd,0
grdpolitica,0
ximenam88659330,0
millosfcoficial,0
iaufeydoii,0
gosankyo2,0
espnperu,0
ederlin0417,0
eric_huerta91,0
mariana94964448,0
milovanuc101,0
negrojoao,0
jonhatantiempo,0
pausadelfutbol2,0
besttannie_stan,0
nachomaturana,0
cesaralvca,0
melisarmiento00,0
carlossontag,0
flopina06,0
yandigiandinoto,0
raulcampin,0
samueldavidsos7,0
mrempanadas6,0
ariasoso1994,0
genesisvelard15,0
espnuruguay,1
pmorosi,0
wildhorscs,0
texasenespanol,0
jorgema25783541,0
gabrielmichi,0
cdmanchegocreal,0
va1_ga,0
p_aguilarte,0
diarioelfrente,4
vvkimvante,0
juanmnav,0
perezomar23,0
leomartinezuy,0
marchitacon,0
jordidels,0
elvengadorano16,1
donpelonette,0
ellitoral,0
argorok_x,0
rolineston,1
mendozarj_,0
atalivalapro,0
laurogzzf,0
metapoliticamx,0
dianalau56,0
wilsonc55756717,0
joselozada1260,0
emiliagallegos,0
andres_panza,0
newsnutricion,0
dani3lleramii,0
rcavada,0
yuugenly,0
eldeportivolt,1
ascunoficial,0
araujo0508,0
frankraul95,0
marsol1985,0
bravohengst,0
wonie_ojitos,0
i93tinygloss,0
musicacopyleft,0
raulbolivariano,0
elevenstorm1,0
moonlightlna,0
pachy0210,0
negrocortes_cco,0
lavozcomar,0
dogkiller59,0
rubenbarcena,0
chicobajolaluna,0
_fraanponce,0
faviles15_,0
samycastellano,0
ancientshaft,0
infoplatensetw,0
pshr0ckst4r,0
_queenxfsea,0
karina4297,0
jhontownii,0
pjmclvly,0
thepolycrafter,0
ale_aguilar10,0
pieriii65,0
rumboaprimeracl,0
violebull,0
georgieaim95,0
alejandro48__,0
eduquesada1,0
ytsabalero,0
yorunodarkness,0
jorgeashmidt,0
javierwot,0
octaviovicenci1,0
amiplinpicolina,0
capespanol,0
chuckdebroder,0
g8nw8ggsqb,0
aldoaversa,0
jqnrivera1,0
ariadna76883183,0
pcaparros,0
telefuturo,1
cipaf_rd,0
edicicor2009,0
alonsoen78,0
mmiissttoonn,0
fansmlbspain,0
pasionpaisve,0
ciudadano_2014,0
marita_molina4,0
diana202412,0
slxyangel,0
acodetticf,1
juanordorica,0
isaserey,0
noedunn,0
paulaquiroga5,0
octaviolacroix,0
acryingvirgo,0
petro_vi,0
marielclvr,0
_kitsuno,0
evertonsadp,0
cuestion_p,0
aaxsala,0
rubenll_02,0
elportal24,0
jimartinez04,0
cesip_ocde2021,0
diazdelavega1,0
taufer3,0
marcodigovinci,0
martinmaria18,0
shorshramone,0
universo970py,0
grupoeldeber,1
gcfortkyo,0
ucranianoartem,0
olivanoticias,0
yellowsulli,0
yamelases,0
yourmaingoddess,0
lametro935,1
adrianamrb_,0
alfonso_yanez,0
fernand86778927,0
landetchevv,0
ig0ldenfazbear,0
musidaniel35,0
bandrader1,0
miguelsampers,0
ticoffx,0
grace4k,0
delpynews,1
joance_1,0
javieraleong,0
delicado_9,0
mangelgh,0
anti_antis1,0
678elprograma,0
diarior,0
carmencejacap,0
livmediapy,0
odiareshumano,0
guilleherdez1,0
emmanuel085,0
auterinestor,0
consultoramc,0
rezistansos,0
haruyuki_ssi_mc,0
ritelena1,0
brunopinerook,0
hollowprrrr,0
deniss04503,0
negocioscomar,0
juanzamoranof,0
alvariteus,0
espnfutbolarg,0
ivanravalen,0
continental590,0
lra3vd,0
andrade_gimena,0
marshall_mauri,0
doble_maike,2
andresvargasar2,0
sadtopic,0
bonnet08891386,0
noel_8915,0
willaxtv,0
diario_uf,0
whiracocha,0
gerasfms,0
hobinie_fi,0
chelo8887,0
f_gavil,0
brxtshghst,0
cota_meza,0
letydq,0
dxomhel,1
saragsendra,0
daviddelbarrioh,0
saridoodles,0
gloriaeterna11,0
omarsuarez90,0
hmercere,0
adnqro,0
lopez_carvajal,0
naslyhuertass,0
grupoedcn,0
pablo60518387,0
_____sandi,0
josluisgmezcan1,0
escapadas_vera,0
victorincoco,0
mariapglez,0
pyrxkinesishxll,0
manuel_gari_rms,0
kuzmlive,0
ilaymochi,0
eptlv,0
lvpchilelol,0
_forza_audax_,0
gustapv,0
djokerliberal,0
dianishca,0
ohcardz,0
gesupalmiero,0
sertvdeportes,0
iluvbngtan,0
codigo_sports,0
nikolayd15,0
frentedelibera3,1
centrogumilla,0
elpelizzari,0
rosa68386313,0
hunagaro,0
latixeworld,0
xlittleladybird,0
deporsantacruz,0
camiguzmannn,0
sxdriel,0
javi_el_fifi,0
elprimooooo,0
y_diestro,0
reinaldo_diaz,0
roberto84174519,0
argentadramatic,0
xavimonterroso,0
tocceroque,0
iforkei,0
frente98601591,0
elena65387892,0
victorh22102121,0
elducerojo,0
pablo11mora,0
hwangfeli,0
marbordenave,0
enriquemaraver,0
rich_gn,0
elbigdatamx,0
gissellejk,0
matarratasgirl,0
lizieosiris12,0
jgonzaleza84,0
fefo_sanchez,0
dato_azulgrana,0
rodrigomichi,0
hermosillacr,0
dorothybeet,0
wradiocolombia,0
borja_cabanas,0
comidapajarito,0
dongambi,0
latribunahn,0
gshjsha,0
marieeeferreira,0
lstrngking,0
wirtens,0
mahebo,0
felip_e4e,0
efectodorsal,0
4rb0z,0
daminmartnez7,0
juanjogfxx,0
quisqueya50,0
proteccivil_pn,0
ferchibcha,0
lizmorenita13,0
lacapital,0
cass937,0
ingjosealvarez,0
guscohen,1
alorapan,0
presidentedisi1,0
eljugador192,0
liz23209843,0
elvis_hibbert,0
ericklopezmx,0
wiroor29,0
polyrocha,0
makimandcompany,0
elconfitv,0
lectora_g_,0
elioalmaguer2,0
p_pibito,0
_blackmac,0
mikelonh69,0
darwawadar,0
marcomorasanz,0
jorgedges,0
philomoro,0
ceciliapinedag1,0
aztecacomunidad,0
boxeadorasarg,0
ricardoazul11,0
ancormesa,0
foro_tv,0
claudiusvelaz,0
esperf20,0
pabloevg50,0
morrion84,0
cwngod,0
gumophobia,1
andy_phize,0
ivanfederico73,0
fmdelasmisiones,0
excelsior,0
laverdadjz,0
rmariacolombia,0
medicenache,0
lorena_ventero,0
apeiron_ape2020,0
javi_delfincat,0
angelaalacchi,0
soymenor0,0
ysabelcartes,0
fabin00514162,0
angelmetropoli,0
ululodeluna,0
canariomalan,0
lolelover4,0
contradiccionre,0
entintavioleta,0
elpopulargt,0
muniguate,0
eldeportivo_col,0
diarioveahoy,0
mich_fridman,0
elperrovioleta,0
mathiasborba7,0
diegonamaxram,1
susanagladysfer,0
sebas166019,0
germanmorales09,0
estelaf10720681,1
rrrltaa,0
antonioblancog6,0
jgdlr_,0
caro_l_etc,3
noeliadeleon30,1
facumacedo2,3
lamasf,0
eldestapeweb,1
s_pertenencia,0
joseagualsacag,0
realgeopolitica,0
marieeemzf,0
wandresp1980,0
vickydelagente,3
todos_fabian,0
mairimro047,4
nelvillarreal,5
mariedufoch,0
funcionabot,2
culpamoderna,0
luiscos25205006,0
enelcamarin,0
landresmow,0
laspinal,0
thisclownboy,1
cesarhber1stain,0
eltebynavarro,0
ivangarrido2020,0
desideriochvez,0
octa3029,0
portalmvd,1
rosario93184223,0
gabybetancour,7
verito7701,0
mgarciapaz,3
laurasaralegui2,0
froiking,0
elinge316,0
serx_lk,0
samueltrujilloc,0
arebelprlncess,0
elneco27,0
louisrckr,0
carasycaretasuy,0
guillebernengo,0
_eldealerdeluis,1
leososa1979,0
horacionigro,0
unagrappa,1
focarancho,0
sand_rodri,6
wdmiranda,14
andres43424882,2
lucasrodm_,1
carlosmma8,0
andresstagnaro,2
darratias,0
abogadotirano,0
giggiobuceo,0
buceocomite,1
tito11983526,0
victimazz,2
marcorenovar,2
carlafou,8
ceropelota,0
ndieggo14,0
barbarebelde,1
roxyrm2014,0
lepibimax,1
annaboronat4,3
scumfuckadriel,0
pampero191,0
elpaiscali,0
deepsusanjay,0
flor_prat,0
facundo04914540,0
andrear86681513,0
fernandodc140,0
o_mcclure,0
amariarv,0
premium0608,0
chvo97,0
ricardogandugl7,0
bloming_boo,0
bigasskickxr,0
racchibayardi,0
pitcnt1,1
gustavomuinelo,3
daloxhecho105,0
lasu66,0
peladozabala,0
bebevisco,3
anaavellanal,0
adrianaromelli,0
lehendakari74,0
mobilsocial_ven,0
ateopocopoetauy,0
yanina67616294,0
michael060611,0
martaholgadouma,1
cndidadesouza1,0
eafitbogota,0
scarlett9505,0
wilero1975,0
monicb,4
futbolifevzla,1
predator287,0
albafikadpiscis,0
tvrochense,0
igoldcnboy,0
adridelgadoruiz,0
winsportstv,2
chalengersrt8,0
endonico1,0
mrkocko_,0
haui1324,0
telenoticias7,0
derismatos,0
ateismouruguay,1
chinomalai,0
xiiimena_10,1
isabelmalo4,4
lindo_henry,0
julia04462368,2
joncae_solar,3
joacomateauda,3
mcentuque,0
ejquintana010,0
mss494,0
nelton_rivera,0
frenterufete,0
aquilapunitoris,0
totora65774046,0
gerpegraciela,0
valfeo,0
monica3310,1
bettianadiazrey,2
sk8frogs,5
eljusti77729783,0
abevila2016,1
seremdz,0
cristo_vencera,0
lopezviel,2
barbakat,0
pgn_col,0
infosportsec1,0
facundo85727759,0
mariobalam,0
glorymarnadales,0
cuencanews,0
lorenelach,0
ralsant26209321,0
ccabillon,0
jhong1s,0
joacof1899,3
elizabe22382795,0
chopaolaso,0
ana73542273,0
jmartinezdc,0
henryjimenezp,0
canalcatorcemx,0
palabraypuntoco,0
pentotalrectal,0
carletta_rb,0
anaherreragomez,0
samlg90,1
jfcordob,0
9del12madrid,0
aline26herrera,0
mnicasantacruz,3
juada27,0
ceciliabottino,0
mariomarcelocar,0
hectorr03763256,0
piscis_1978,0
karenmo37270099,1
agus_saravista,0
bofetto,0
yokarisan,0
javier_orcoyen,1
torrespef,0
juancar11770515,0
carinaacostab,0
xrkyrje,0
noehomosapiens,0
friocalo,0
el___gh,0
gbhernandez92,0
almenaradepinto,0
photo_devotion,0
martinoticias,0
mediospublicosu,6
luisaprietog95,4
valentinajg71,0
jumpierrez609,0
silviacceres13,0
migues_maria,0
adry112,2
juan23306712,0
morettiurban,0
lunaanimalblog,0
denarovirginia,0
pepe_wasr,0
leomvdeo,1
elolgazan,1
negracasablanca,0
salocinuy,11
alftuitea,3
marisasiilvia,0
pilar_teijeiro,0
poderuruguay,1
epreve,2
lubukoviner,1
volcon,0
cuentassociales,1
partisano19,2
mnadalesg,0
edu1967,4
estelaloyarte,0
nannismt,0
altafachauy,1
laluzger,0
cachitomarrero,0
_vickylopez_17,0
elizabe49526999,3
agussumpierrez,0
gonzalosoriauy,0
veronicasavio71,0
drafagundez,0
dariocastiglion,0
sosita_1bis,0
observadoruy,1
ger_jor,0
ciafigliola,0
sysbel,4
amigosdelpajaro,0
jrfb290170,0
marianellavale8,0
rockdriguezwcr4,0
analiamoratorio,0
gonzalomaciel2,0
luisbriosso,0
carlosmaia1966,0
faraujo404,0
agus_cabrera400,2
telemundouy,0
focamulticolord,2
mbazzino,0
javiercruz_uy,1
danalbornozm,0
josemacaraballo,0
yusefantun,0
ema722uy2,3
romeropiriz,2
pnacional,7
alvin1967,0
colonhoy,0
militante_404,0
ceciliaordeig,0
clauduskys,0
nancynuezsoler4,0
cdcamy,0
hambrook7,0
jpercouy,0
vivisarubbi,1
analaurazoe,0
hakerpolitico,1
nicolascorvi,0
pippyfajardo_,0
gerardoamarilla,0
71pocitos,0
gustavofacciola,0
erika_medina08,0
9007via,0
claudiadesierra,0
juanjoolaizola,0
javier08615608,0
gbaraibar989,0
gustavopenades,1
espaciocuarenta,0
soyconjota,1
jorgeg1040,1
jorgelandi4,0
diegosilva_lolo,8
polemicaenreduy,0
chucaral,0
sebas01uy,0
rudyard_pereyra,0
licenpizza,8
patirodriguez72,1
laurapicasso2,0
brown_mariela,0
tuytiritero,1
amanghini,0
guera_no,1
bereblablabla,9
femimanya,3
aperezcobas,1
trav4empoderad0,9
arqrballestrino,0
larrajorge,1
letudedanubio,0
sebamaidana10,5
gnzpk,5
robertogarciauy,1
ramosys_of,0
maitenekito,1
seagirl2906,0
pmmadama,1
generacion_uy,0
soysaimonn,0
lenterrado,1
alanveraa1998,0
jotaeme2019,0
tanamanya,6
krkt171,0
sheroumm,1
fede__delgado,0
willianfpr,2
naburu38,1
gjenyli,2
gmagnou,0
anabelaprieto,1
cnueva03,2
lanita86,0
johnyscona,0
la_mesaroja2021,6
laurarosaravia,1
buscadorestv,0
reduynet,0
oscar24733971,0
gonzalogeribon,2
estoybiendebien,0
daniel3637351,3
edu24710623,0
andreitatuiter,0
otorguescomite,0
outragedmind,1
leytonlujan,1
sdm84_,0
logisticapunta,0
luisnoya1972,1
rodrigoli2803,0
sricagn1,0
vicmtoscani,2
ximerod73140273,3
arabelacecilia,3
bebedepecho,6
uruguaynuestro,1
beatrizevb,0
roso_54,0
olgasuarez2,1
dianaartemisa11,3
claudiaybarreto,0
suraz,0
carlosdenuevo,1
imperialyb,7
lady_alimac,2
gncastillop,0
nicocaetano30,1
juliofe80338011,0
emepeuy,0
chichiperez,0
el_gargola,1
durosconceptos,3
nicomiller12,1
mafesaso76,0
lauti300701,0
serry_regueiraa,0
ti_chola,4
gisselatrix,0
botija_maula,3
perrucho_uy,4
fabiola59138430,1
anabordagaray,0
eliana1720,0
ritita78,0
nosoynurse,0
teresanieves7,3
narcisotuitero,3
exandya___,16
milapelotuda_,4
lolli_pineiro,0
arielrelococap,1
_floomenchaca_,0
celulitisestria,1
improbable,4
nnccff27,17
bjdrf,0
cuarentenavip,0
powergaucho,3
costacabeza,0
t_odora_,12
podestahugo,1
matho2307,0
may_oviedo14,0
bruno_giometti,2
drapaulix,0
efrain_rock,2
gastonsilveir11,0
tamarata78,0
cayonpaty,0
niurkacalderon,0
ceciliawernik,5
telebizarra,5
federicograna,1
jale_twitero,0
amorypaaz,1
gallocabana,1
elviejolabolsa,0
mataslp03233326,3
pueblouruguayo1,5
rafacarrasur,2
digadebolso,0
cuculapistolera,5
ctppuy,3
gracefayl,0
__nausicaa,5
rossiwaller,2
carolyochaves,1
roelbottari,3
soledadlarrosa8,2
pescecami,3
bigotitorush,0
mariamter,0
vegigo,0
gilbenn,5
saludenlo,0
fernandoh83,8
veropinie,0
flaafariass,0
jotamsf,0
pcruzf,0
matiassanirol,2
cabezamartini,0
marlenemaciel07,0
educontartese,1
diasyflores2,3
soymorcillo,4
forosuy,0
vikyluzs,6
mayritadasilva,3
araucaria1,2
gonchi_acosta,0
brunoastengouy,1
mateo14142,1
mauricioguar,1
gpamela_g,2
cutauy,1
don_mata_yuyo,36
arrascaetista,0
sgabyo,0
brtapiaa18,0
evermorehome,5
chipiscuis,0
bolsocabe,0
omarsenande,0
nicocabrallapaz,4
madame_curita,2
eliama140894,0
pablorr66,0
pecas861,0
chef_memes,4
lady93199679,1
cassostodo,2
lapiquepsiquiat,12
rablo_pablo,0
rulen1997,0
urulet1,7
tejomattioli,0
nanodelchuy,6
otariaperofeliz,3
nvazgonzalez,1
ccibaq,0
lilianbertrand,0
pablocubiella,2
lo28113,1
okydukakis,1
luliirper,2
fedeecruzok,3
marijomarijom,3
pau_gp96,1
_mauroalvarez_,5
titacoll,0
juan_pablo_pio,0
speacelove1,0
marcelojavier7,1
merchu34855306,1
crisricheri,0
indialuzbelita,0
navas_gonzalo87,0
liberal37777357,0
barbierissima,0
drfossati,0
despondaburu,0
zendote,0
japo_ruperto,5
estos_grumos,0
martin_ambrosi_,0
meligarcia23,0
paribanufreitas,6
garcialibe,1
carolina_afg78,1
dahifuentes,0
jacque1978,0
jfasancarlos,12
deshechalabici,1
silviananefa,0
nataliamvd1984,0
sebascus19,0
angierrios,0
atorresnegreira,3
seebaaa91,3
federicacaven,3
gonzalezximena0,0
camilanesas,2
hgodino,1
badsangre,0
moverannonos,5
cabritaloca15,8
bonsaidecebra,1
pinodeelpinar,0
atendiendobobos,1
andreaapolaro,0
gumigirl_,2
pablopereira63,1
morinpirez,0
tanoasecas1,1
pilhae,0
mariarocampod18,0
shimonperezs,0
nataliabrites5,3
pochelusandra,0
quintana_of,0
seven_wonders_7,2
marcelolaverry,0
mariajeamigo,0
jorgemon219,1
itsnotmaru,1
katherino6,2
majopapal,0
cecimart18,7
santiadib,3
mjosse2712,1
rodri_ka,0
cecilia73562298,0
maximil74890248,6
agusmuaaa,0
alaizquierdalat,8
valentierra,0
agusotto5,0
meliadiaz67,25
sylviafojo,18
silviaflorr,0
ninjaurbano67,0
adnan97il,0
eduardapiriz,0
elpdofe,2
justagu,0
unsolouy,0
mpagues2,0
elboguita,3
natibordeig,3
marian_fel,4
barneswh0re,0
neryfernandezd,0
angeleslavasca,2
cleitedr,0
sebataure,3
esdupre,0
peppymile_r,1
soynacho2018,0
copel13,0
chnunezuy,1
1836ymm,0
ro_lo_ar33,0
caramajo,0
florleymonie,0
alberte07764702,0
ismaelarlottepr,0
diego1903903437,4
shapovapova,0
aldabalse,0
wilsonmendez86,0
fedepmnz,0
lauboiani,0
ladelmedio,1
nachopapel,2
vanessa_cuore,1
otovagner,3
a_bajita,2
gutierrezjoseuy,0
guille_estevez,0
gustavopresutt1,0
fabri_chaves,2
maxicorrea313,0
brasil501,0
leitosilva,25
04patriciamaria,0
matuferreiro7,0
feed144,6
dzunin,0
lupemorandi,8
flamantmatias,2
l_maximiliano46,0
adrianaisa1968,0
sebba_03,0
nicocarissi7,8
marcosmgcj635,0
fiokapenafusco,0
sebasperco,0
germnseparovic1,0
lauracafaro3,0
hermolina1,2
friedmanntomas,0
altereguss,3
milongadeojos,0
emapascale1,0
andyacosta19274,1
monje1899,2
angeles072010,1
ramoso1,2
_edta_,2
adriancurbelo29,0
agpm75,4
aliciabellavis1,0
pabloguarino,0
esperandonov24,6
helenaheinzen,4
carina55295426,6
paolitacch13,0
esteban2184,1
berbork,1
sandra_mvd,0
daoizuriarte,2
rodroopy_,0
sebaamaya,0
ellesci,0
ovariosbolsos,0
hqhwhhss,0
martins84981985,0
acosta_alosil,0
maragon24695025,3
soytupadre2016,0
mdelgadoba,0
barbiebolche,3
montse_1467,1
enzomalancastro,2
elpeladopelada,4
lopaisajes,3
cosetimasi,2
golpenal,1
marcio_bap,0
eeemiliano,1
damjsandrich,4
porunuruguay,3
pablinjgonzalez,3
alvaror39232368,0
tinchocamarg0,0
hermandadpro,0
_emiiicastro,0
ps90canelones,0
fbizoza,0
cossecarolina,1
gabopsico,0
chelofl,3
daaany____,0
liliana69355242,0
paloma_cortizo,1
a_garracini,0
belbal98,0
maria33117515,2
semejantemono,0
tsaranovich,1
betabares2,0
bautigilc,0
danielacostazul,0
cadenadelmar2,1
patyypissarouk1,0
mathi_alonso,0
esepuntoazul,0
maximiliana1424,0
dmcp_,0
florenciagaona1,0
esnoaculturado,2
padi_mel,1
brausenjuan,0
rubianesed,0
pberriel23,2
4asesok,0
luchonunez07,3
nbarabij,0
redesfa,0
joatotes,0
pepeuy,0
elpechofrio4,2
ansilta3,2
clavijogra,1
mibldise,1
nohayglamour,1
faggianigianina,0
elbarbapapa,0
modernellmaxi,0
mgcrocco21,0
cabildo_uy,3
twi08,2
elojoquemirauy,1
darthva80324532,4
meliantenany,0
amcolme,1
carlitoxtm,0
mateohoffman3,0
elliotalder1990,1
amazona906,5
sentenashi,1
lamanovisible,2
veroverito9,0
mareda89826691,0
hola_soy_simon_,4
colla77gonza,3
jahn_nee,0
lujan54789538,0
gustavomorrudo,1
perezgu74139605,0
cristinaalvez26,0
carorodga,0
santilanzalopez,0
turwicz,0
jeneche,0
se_gual,1
stefanidavila,1
nosoyjoaquinb,0
_cgraces,0
natalia66862791,0
fedetaibo,1
gma_uy,0
caritomerica,1
pvp_espacio567,4
fabiant36767765,1
elianad31,2
tofalepe,0
gatokat3,6
martinadelt,0
antoniomaeso,0
dandanscav,0
nmbr_1986,0
cbenja_castro,2
pjisdonian,0
nellyro37617126,0
natalia78673099,0
moyanobarcia,0
ernestoortizgme,0
mesalomonegmai1,2
raulsperoni,0
sebaas_ms,0
bien_informados,0
jotapelo69,4
aguaterosiempre,1
damitiscornia,1
jsanchis5,1
unapellidocomun,0
leonor031263,0
poprata,0
ori20181,0
diegosrega,1
pais_guillermo,6
amelgarejook,0
bassooo_,1
acaemmita,0
nstoreduardo12,1
colo_wis,2
reinareinaal,11
josef35885911,0
omgnopuedeser,2
emmydabe,3
maxidebenedetti,6
diegofabricio1,1
hetaira_jones,1
sandezya13,0
danieldem101,0
obrerisimo,0
dataclave,0
corot_6_b,0
pisapraos0,1
libertadplauto,0
jerevanoli,1
eduardothill,0
saraduranok,0
fabiansanchezok,0
the_heruman,0
hernanm36020959,0
de_argentinas,4
lagentelosabe1,0
lyn_sbrn,0
lilianl42094153,0
alvarocaballer9,0
lista400salto,0
miguelpicon034,0
profe_pabloluna,0
fabitoh69,0
semprainfra_mx,0
wanlubert,0
asinomasdigo,0
asampayo,1
sanmigar1,0
pdtevitalicio,0
vlyofdespair,0
smferreiro,0
normanalarcon,0
justavo,0
avecinop,0
miguelgutierce,0
m3v3r4sv0lv3r,1
patriciabp3355,0
juansardana,0
ccarichivilcoy,0
jose_manuelbsjp,0
compromisonds,0
conexion_g,0
somosvamosvemos,0
ruben29173824,0
marabirras,0
vali_vali_,1
santiagodelsola,0
efe_cyl,0
oronozgerman,0
cusosanchez,0
juanjoserl97,0
danival15447371,0
tereveret,0
la_coming,0
nico_castro17,0
radio3trelew,0
ericrogal,0
angaritagabriel,0
antifa023,0
restportico,0
coaliesperanza,0
juandvalladolid,0
elespectador,0
slospennato,0
waltercte,0
brunobelguero,0
yonileugim,0
dory_2013,0
tecotocoya,0
profetadetrana,0
cuevas_dawson,0
elzafra2,0
bcn614,0
elarachan,0
cedhnl,0
peacelove1ab,0
selegna27499890,0
elizinhoright,0
mrspaulasoria,1
juan79422130,0
lasernabogota,0
juntaabierto1,1
barbatuiter95,0
ccaribahia,0
teleuruguaya,1
barbozapedrito,0
dos_quinquenios,0
patriarcado_win,0
floricote,0
sinlospersas,0
m24radio,0
marinagomezuy,0
soleortega_uy,0
gash418,0
marcelacasarieg,0
drsaturn0,2
soyacostanahuel,0
pachaespino22,0
lanceroblanco,0
actualyucatan,0
niefpe,3
anafmatarn,0
jimote,0
ingogliatoto,0
melgertina,0
computito_,0
carlosm__17,0
jlgavila,0
accountable2019,0
eli_csar,1
radiokiyu,0
victoria13099,0
mar_de_liguria,0
susana33475768,0
valeriohellves,5
objetivohincha,1
jaironeirac,0
selenemestra,0
yerba_buena9413,0
aylenfernande,0
wilmarmarche,0
tequenorth,0
you0nlylive,0
irenerugnitz,0
balefin,0
presiclado,0
ceci683252421,0
jose_07_04,0
amygrossooutlo1,0
guillebolon,0
ignacioo_12,0
karinalopezmach,0
mejiacor10,0
cronicasdeleste,0
bryan_vidal95,0
rey_comediante,0
iohannesjo1,0
frospigliosi,0
severo1109,0
darkfm_uy,0
reportesuruguay,0
mariettoponce,0
chingomex,0
juan_camilo96,0
viajealaverdad,0
claumenaresb,0
besoccer_es,0
ck16s,0
kangoshi_la,0
balzogaray,0
thiefoflights,0
zoee2109,0
militanciacc,0
surinamcol,1
elprimobigoton,0
anuska1710,0
lacanariauy,0
patrici09062453,0
dya19841985,0
emilycruz_rz,0
violetilla1,0
stolbizer,0
n1k38611,0
2019milagro,0
cleoandino,0
sadecuadorian,0
cayitanodaza,0
jenniferdcai,0
manuel10058589,0
odirleyandrade,0
carl4carla,0
rxd_birdie,0
que_simulacro,0
thyashirorascal,0
chirinc1rco,0
giihadiid,0
lapizarradeldt_,1
ediuvichi,0
iovelessons,0
per_martinp,0
casbamiguel,0
respiraarg,0
bigtimedogs,0
sectorprensa,0
vhmolinero,0
elmostrador,0
ferzpaucar,0
luxeislucia,0
mariomcbo,0
eduinversor,0
bunnyguitarrist,0
alvesadrian1891,0
sobinfluencia_,0
chelalaortega,0
elmaciel7,0
britobloise,0
einardbarsallo,0
darumaneko3,0
frenteseccio62,4
germanayalaosor,0
betogallo1982,0
samuelcatalnor1,0
edin_2019,0
julietasf_,0
nachobochinche,1
davida_molina,0
a_mirandad,0
yeijopee,0
xlacamisetacba,0
josse49991192,0
nadinasisnett,0
luciano_basile1,0
thedarklord98,0
quehacerenslp,0
cpodion,0
marcoantoniotr,0
jocamoga,0
lapau1312,0
elpayagua,0
carlybolso,0
andrade1224,0
baduomo,0
lionofoctober,0
nachoinflames,0
ariadna55028562,0
fpachamama_ec,0
edgardo16838043,0
lobosol43559537,0
camiiluchisss,1
lavozdetula,0
grilsxnini,0
edclasificados,0
hr_darady,0
manudominguezz_,1
elpitazotv,0
rubendiliddo,0
nubiaerojas,0
somosnativa,0
gutierreztejero,0
aditto94,0
jorgenicoloff,0
lilmetohkangmi,0
2peestiblog,0
sidk5r99,0
donbraulio_ft,0
asambleaecuador,0
matiasnaranja,0
thenaranjoman,0
alvarjaime,0
ejecentral,0
migueltorrescl1,0
dominguez_vald,0
athletikzale08,0
ladyrockary,0
i9itto,0
laduquesaroja,0
santi01717,0
rododo29,0
rivermaniacos1,0
seastinta,0
drrrowning,0
jackobixz,0
danicometto,0
1_prefer_not_to,0
ertl27,0
carl0her,0
elianabecerrab,1
soyfutbolero26,0
titosos39484863,0
moni_pecos,0
bakethirddiv,0
desprendidaed,0
hequecastro,0
la_mimi96,0
lavalleja19,1
moon_daughter00,0
dralexistejedor,0
skcalalas,0
carolinaross,0
damianaya73,1
dnizm_,0
lovelar23,0
aailenlaura,0
chcanazaro,0
diariodemorelos,0
missuruguayana,0
bipirala,0
eltiempolatino,0
elmejorpaisdel1,0
gangilbertop,0
frenteafrentehn,0
jcfloriant,0
maite_perilli,1
emmapache_,0
juanightmare,0
super_uc73,0
eya_2020,1
hereuge,0
cangurobandeira,0
frida18550172,0
manudefleitas,0
nicoanormal1,1
eldiario,0
alonso_mhz,0
bazalardiomedes,0
davidof_m,0
panabahena,0
itvguadiana,0
avalossantiago4,0
thecamilalo,0
hernanquevedomz,0
alonsofunao,0
jhonnie56689023,0
edgarve89071429,0
w4rg0ddess,0
rulitobolcheviq,0
gutyteleyu,0
fijateaver,0
candelabro___,0
chriisfer96,0
ocampista10,1
2021_namaste,1
jubueno_andrade,0
memo5fire,0
srzarathustra,0
hugoruiz33,0
imemedico,0
eltucumano_ok,0
milo_cn,0
dlacruz2020,0
catagonzalez0,0
nicol34152173,0
brypmc,0
the_dr_justice,0
oskkarbi,0
arrobajmg,0
meme_amplio,0
pirulaaaa,0
mengueche08,0
soypegs,0
antonio92526072,0
alex14martinez_,0
mortalispunitio,1
medusklein,0
mrdream_x,0
barloventenoe,0
elcid_manco,0
belenquinatoam,0
fersdidelyi,0
aguusmz,0
pau_malvarez,0
sofdl7,0
dos7_dos,0
dianarodrigurib,0
dr_pegarcia,0
danycad97,0
mikasal3wd,0
lagargus,0
elgallardismo,0
jncrzfrnndz,0
biot_savart90,0
nao_ferre1,0
dani_andrade,0
1masparatender,1
ccabreragallo,0
mendeznico22,0
laflopy101,0
excusa_uy,1
ferchogomez7,0
jonarvizo,0
sume911,0
jose_ferrada,0
ruben_antiyal,0
bittxrswxet,0
airatarra,0
laeducserespeta,0
pitimini15,0
elamvela,0
wwwboliviacom,0
miguelangelcba,0
antoorosco,0
richardn1010,0
pedropabtaboada,0
un_sapiens,0
andres_ssj4,0
hasblacky,0
rodryrosetti,0
jalamuen,0
enriquealfaror,0
cancionerocrist,0
riquicalvo,0
michellechc,0
felicia16689649,0
_arcticami,0
rhcasanova04,0
lucas28del9,0
catt__ffc,0
recontrafilo,0
florbritos00,0
milagrosfer66,0
gallardomcarlos,0
akaashiblog,0
gabrieltorrestv,0
iba_y_venia,0
belnfleitas18,1
elgraficoweb,0
shuperloca,0
cosmefu85173899,0
tamegotchi,0
eldatomx,0
lopezdoriga,0
paulipau70,0
andreshuberuk5,0
locuravelezok,0
bcibil,1
csiroficial,0
desarrolloecan,0
rorypasteura,0
pipauru,1
flan_yo,0
mfigueras70,0
rolando79642892,0
natasha52383680,0
vdtta05,0
barteag,0
lali_martineez,0
axolnose3gmail,0
esparaunacosa,0
01julianab,0
luchoo_romero6,0
tinapeacheok,0
pereiradoti,0
mrmono__,1
fasarandigrande,0
ftemujeresvzla,0
elnegrovicente,0
menarinica,0
exitoina,1
capitalahora,0
belykiibek,0
hugolgarcia,0
nelsonb50768683,0
adripermonzillo,0
cpuriscaleno,0
ezerobertsm,0
is_fugitiva,0
1903japr1936,0
majosweetniall,0
anagarbo,0
comsatori,0
epi0_,0
ggustmoon,0
cortiodani,0
soldetulancingo,0
johnny_ls494,0
frentechachani,0
kasibueno,0
luliiceriani,0
fritz212121,0
robertofernandm,0
shoulingzhang,0
pachidermi,0
paradxically,0
avrilgarciar,0
teresita197755,0
vehementchaos,0
aretamalz,0
enriquerocuant,0
vico_pri,0
univision23,0
alexzephyrlaixd,0
pauta_cl,0
deportivondnj,0
elcedroac,1
jberna1958,0
manoloportillas,0
duenospereira,0
rozaluski,0
cuniburofc,0
specialcrimes,0
camimenchaca,2
yluegosopla,0
unputemas,6
matuta_,0
santi_amestoy,0
jessicaconde_,0
no_mecalmonada,0
gabrielgianoli,0
arocena2002,1
lococesar22,1
mnicagonzlez6,1
almangopatriota,0
pamelacontaste,0
posmonazi,0
germanro201426,0
fatwestok,0
jopeic,1
adri_tranqui,0
marinaugc,0
pattypch18,3
simsambaroru,0
euseb1o,0
enfoquenoticias,0
naredonaley,0
pilioxanda,0
micaelaberriel1,0
frarpa39,0
choviccc,0
unosantafe,0
venusamans,0
nickie0706,0
antijulieta,0
oect0301,0
losprimerostuc,0
adaguero,0
ayelenviera17,1
queseatinto,0
bruno_deleon,0
santamarta_,0
karen_perdomo28,0
hunsonauy,0
thxstarlight,2
florodorizzi,0
nicolasmdk,1
nancyparaduja,0
sebaibarra1983,2
sosaysusvideos,3
nachocap1891c4n,0
rpleal76,0
quinto_gqc,3
imauriciocorrea,1
titalee18,0
sferruti,5
lopezlu24,0
diegolunaq,0
jzeba9,0
rodaffa,1
891_diegoribas,1
analiapeloni,0
pepdro5520,0
lyliancorrales,0
jhonatanbenit12,0
aggusrav,0
gdmartinezuy,0
eltrampa89,0
juangmo0285,0
divaddivas1,0
_posadas1,0
ceciliapatronl,1
delfinap10,0
ivangaona95,0
pedrega19,0
alimarve,0
mariafrncco,0
frentecivicosde,0
varadoenarg,0
anamassera50,0
rocky__raccoonn,0
iluminada2yo,0
sylviarotunno,0
sergiodamianuy,4
oligarca_pobre,0
mariahildaas,2
alexand14836577,2
cecisd_,1
ismaelcortazzo,0
luchogramajo83,0
josecitoamaral,2
obligadocualqui,2
ikaika_____,1
hijobuda,1
asambleauruguay,0
diegolivera1986,0
meryrou95,0
antoniovllbs,0
noegarcia,0
jimenez75184853,0
surgentesddhh,0
macaplenc,0
missalprazolam1,0
gutyrojo,0
intelitemx,0
sanantoniooem,0
bl00dyblades_,1
antituco4ever,1
cuadrosver,0
esfutbolera_ofi,0
elianaesquenas4,0
pafaferez,0
vogleralejandro,0
ortez88915049,0
tycsports,0
esperan43003829,0
camilam65915340,0
gusti_uy,0
el_dromedariook,0
lagatitapoppi,0
elviejodelabo1,0
borisinese,0
viejadealma1,0
58rubencarmona,0
martinpitetta,0
patianto07,0
tamararudnitzki,0
lorep1982_,0
tinginda,0
marbonpia,0
sofiacarey12,1
ramos_fede,0
rosanaparedes2,1
enzocap__,0
nicolasdsc3,4
stupidhunterpro,0
ale_sclavo,1
martirenaok,0
parijon35,2
ataraxi4_,0
posserichard,0
jimeconj1899,0
mefismainlander,0
gabiolca,2
zonafut1,0
inforeportes,0
estebansorribas,0
hannemanmano,0
fnmmx2021,0
psicounica,0
clubuaiurquiza,0
martinezbocha,0
onlinecasanare,0
orianabruno17,0
corazonvioleta_,0
lubustaman,0
mercedi97449162,2
eduardodeaguada,5
aldamapatricia1,0
travelsurray,0
ines_monzillo,0
demianc21,0
roldansanti01,2
eliseoe,0
carbon_santiago,0
leososamusica,1
zuko48896588,0
nosoy_elseba,1
1967purplehaze,0
ferlemosm,0
pulsosportsperu,0
sinnombredoxing,0
waltervmg,0
imperio_nba,0
alvinsprz,0
olgarodriguezfr,0
alemansandoval,0
frenepacoficial,0
izuleta,0
ragnarloco,0
jacobinaposmo,1
eperillas,0
mikaela125carta,3
manyalatour,1
sumuniz10,7
mdetomasi,1
daravro,0
diprodrigogoni,0
amado3_amado,1
moodednaa,1
davinovaleria,2
hastacuandodios,2
mauric75,0
eugeproverbio,2
madoke496,0
silvand0,0
esteliuuus,0
viciconte1985,2
artepedraza,0
quadratin_,0
_sntg_m,0
omarketingf1,0
voyasermafiosa,0
fabian_pincha,0
ppaert,0
brianjordant,1
nacional2212,0
paurp20,0
majive3105,0
nbarrios1987,0
rt0i1ur6yrztprv,1
daniel197622,1
elverga76322427,0
claruelisa,0
acuarianacurvy,2
m_arlotto,0
monoca1302,0
anietodf,1
fasaltouy,0
susypecoy,1
pabloskizzi,0
zurdayfeminist,1
villaamiluy,0
yonovinada_2010,0
gabygaby04082,0
mpaolillo,2
tili2607,0
geonoeliageo,0
agussarrarte,0
rapkholismo,0
gula25afull,0
marcelrossi21,1
lanetalento,0
sebastianroura2,2
elhura,0
nanosurff,0
elnegropizarra,0
laportaestevez1,0
carlosgrupot,0
luacosta17,1
rodrigoabraira,0
teresit14571285,1
pefier,0
escarlata___,3
d_gon_dinapoli,1
juanchu_manei,0
mlmm12345,0
alanmartony,0
ujc_uy,1
alaperinola_,2
santiclavijo96,0
nuestraadp,0
lgvignolo,0
erendira_go,0
chimol10040588,2
luisesmisombra,2
ciascuno2021,0
leandro_calvo,2
yorugua1980,0
luzforrisi,0
amaneceruy,0
saskya771,0
mariaineslec,1
mautesaravia,3
enriquejulinma1,2
monicamvdeo,0
unbichitomas023,0
gusachi,1
ferbur87000,0
domingogalluzzo,0
packsurvives96,0
andress19832021,0
camilomarckez,0
jamesbon15,0
mattutte88,2
spektro_drc,1
jorgewinnie33,0
tatetipatricio,0
gaveralt,1
sstinsonout,0
waru_benedetti,1
jorgeleonsio66,0
jonnada95,0
yoruganada,1
sergiomarquesfa,1
monticellouy,0
ricardoyelpo,0
cristian_oxley,0
anarkovip,0
alex57712284,1
pinimarcela,0
franco_m27,0
jobolsodios,0
mpostiglioni72,0
christiancoyto,1
lau_press_not,0
bergarache,0
fdeizaguirre,0
sportobeledo,0
manuelvergaraok,0
masilvera23,1
gonron_,0
luchostabile,0
elconservadoruy,2
pablorod50,0
torradosandra,0
ana_grimbaum,0
taspaeza,0
ffigliolo,2
unpocodeutopia,0
heber75313444,1
gfranco8,2
bipolar54994660,1
armandoque2022,0
gldls80,0
ani_ta_1,0
abeka91,0
futbolymedio,0
luisana_s7,0
zdesignuy,0
botbrillante,0
wafodevera,2
orgulloblanco71,6
florenciagamb14,0
urracamecha,0
pennyandme8,0
costaball,0
anushki_pb,0
lucasmarchi151,1
anamicaacosta,1
imlouiexx,0
botasequinas,0
edigiovanni4,0
ckolchak,0
roberto94835651,0
forasterolocal,0
mihermanogemelo,0
letucarrasco,3
eltupabolche,0
diegocasteriana,0
alejandror_92,0
porfiada1,0
sarajustops,2
fachofachero4,0
nacionalofila,1
richard_2891891,0
negrardo1,0
luli_fernandez1,0
alejand75492999,0
gramaticapau,0
nicolas_pizzo,0
ignacioaccedero,0
rxdx_dxni,0
selloger,0
hctorneydossan1,0
emiwigman,0
camiilala_,0
gdaniel_10,0
sebabenedettii,0
piteruy,0
bolsoafull,0
tipicafoca,0
anatie760,1
cachitoruglio13,2
rodequ,0
rodrigocaccia,1
marianelladea77,0
danyelbionico,0
dosisconcntrada,0
gastimartinezc_,0
solangemareda,0
mateoreiris,0
kariellauri,0
gral_julian_25,1
diegose87149847,1
isabelina_saz,2
tommyb87,1
acuadra_do,2
kbza_tricolor,0
vmayo72,0
had2bukr,0
rodolfonegrone,0
alancanto7,0
makam_uy,0
glutenico1,1
lenzinaleila,0
rberruzzi,0
fernand77969416,0
urumeante,0
simple1sip,1
estoiko3,0
leninfumable,0
elpollorey1975,0
pausil01,0
maicosilvera,1
ecardoso96,0
yomarga20,0
chamantwitero,0
ka13zm,0
pedrochg,0
ilianaiglesias4,0
carlosvarela02,0
jabamix,1
rocket_number09,1
_montaldo,1
santiagovlaefa,0
caro92121816,0
jorgito75739481,1
fantasmataaa,0
segurapachon,0
maferb458,0
cakitop,0
mathi2424,0
manyalescano,1
alheg,2
josecarlosmahia,0
guillerasta5,0
rodrimesa1996,0
victorjcorreav,0
chanboox,0
mipuntodevistaa,0
alvarodelgadouy,0
nuevaslanzas,0
sandradelgadode,0
justingraside,0
cejawashington,0
zurdo1972,0
nicomdeo1982,0
belenmures,0
mariavlena,1
anna40202627,0
modocuasimodo,1
candy7_uy,0
ednamodag,0
haydee11675532,0
vlussich,0
maiteintha,0
letyflu27,6
chevalier_ivan,0
mariukuu,2
chechularrok,1
soymotherofcats,0
aspirineta1987,0
santiag65028303,0
psebadelcordon,1
puentecelsa,1
narpi23,0
sandramlara,0
washigarin,0
nicooogarciaaa,0
uruguaytrolls,0
ignacionegrin,0
dpinto168,2
nahir121329,0
colinalautaro,1
rubensalto,0
giselvalbuena1,0
facio_gloria,0
pesimoneric,1
edevercelli,0
techerasergio,1
letidandrea,2
blanca_divisa,0
dividalchuy,0
barreto_vir,0
facundoriverouy,0
naser_official,0
viviquing,0
fabianzteps,0
roaguirrezabal,1
orouruguay,1
chorchini,0
vectoryucatan,0
noticiasrcn,0
letisacco72,0
turbiolandia,0
daigual0101,0
santiquintanna,0
josealmeidaprud,1
carolina_luman,3
claudio_ph_,0
magdalenaestel3,2
don_aleano,0
martin39094113,1
dalmiro_cairo,0
noelrevello1,0
uruguaymultico1,2
vitomanya,0
sukaacosta,0
mechupa00176654,0
walterp19803280,0
pipemahia,0
vilarr_1503,0
aguerra_uy,0
bastadenombres,0
anairdacap,0
diegomez2907,0
josefinacal_,0
fe26de,0
marce___,0
blancopabloda,1
santiibasso,0
die100000,1
darkcelesti,0
alisonpardo8,0
luuulil,0
aragorn666,0
_martucas,0
ldarioag,0
juancramos1965,0
racruz_eas,1
rzeta_,0
victorsanoro,0
infotecrealico,0
breakfyre,0
majibiris_,0
victor_curico,0
caprichitouy,0
belenchocha,0
psycholefey,0
lonelydays16,0
jorgebuitragot,0
martinezmaru16,0
joonkokonui,0
naranthrax,0
golcanpako,0
vane_gic707,0
cannamex,0
panchajuancho,0
marcianoorient1,0
petals815,0
henry_dotta,0
maxii1620,0
anticomulistos,0
anacata90,0
santiago_romero,0
soycalcio_,0
adekelbet,0
jaider_escobar,0
camieninternet,0
saripondi,0
casallas_ashley,0
ceciliaeneleste,0
fernando_munozg,0
ctaelva,0
nicodauson_,0
crisandradre,0
olfvon,1
eamestoy,0
driveiro8,1
felau9,0
r31na_hera,0
casiraguisusana,0
tosaragustin,0
arqueropublico,0
nadia_ravena,0
gomezkiffuri,0
antuanico1,0
vientosdelaunio,0
soycule_8,0
bidigecest,0
marcoto48041729,0
jruano4668,0
javier1988arg,0
ichbinsophieale,0
lachainiss0982,0
_lprr_,0
nomegolpies,0
jhanet_mtz,0
nahuelfutbol,0
lovepinksilva,0
mariachimmy1310,0
blancogimena1,0
sergiodlat,0
aragon_algaba,0
vozmichoacan,0
bene2la,0
sebakaizen,0
diosasolimpicas,0
agusmorgade1,0
ffdeflo,0
gkappaa,0
ambaramarillo_,1
hebersanchez192,0
alvaroa01227023,0
martinopta,0
xladytianquan,0
ryorg13,0
vninyourarea,0
efenoticias,0
nancyal45231872,0
carlosgs4461,0
cartayabarry,0
parkgabriela_7,0
alexper46521855,0
paumonteros_,0
jorgehumberto24,0
icedegel,0
rocksportsperu,0
fervalcor,0
ojitoreturns,0
lulac0rrea,0
nishavanilla,0
rauldiazpe,0
alejandrapiani,1
luitanasty,0
asquetajuan,0
monitamujica,0
felipeperez_3,0
laurasoca3,0
psolanowski,0
mikahbell,0
micamelgar,0
frentepulmonmx,0
ufavfairies,0
lostbrunner,0
_cris1206,0
santi_aliandre,0
angesw_10,0
smtfantasy,1
ocastroad,0
psxnouswind,0
sftp3tls,0
lapadulaelrey,0
josejuangelmx,0
alejamanh,2
agus_house,0
noticiasfides,0
lady_karmaa_,0
darkvalley4t,0
jgenbuenosaires,0
_amenamenamen,0
cndefpablo,0
luestevez__,0
mariestbaj,0
sinaleo3,0
ademirnadalcmpn,1
marcelo17283,0
mvanrompaey,0
mattilorenzotti,0
gonzaloroigon,0
23_mitti,0
cuentainformac1,0
critico67292473,0
sabridelallana,0
_totardo,0
pamelal82108680,0
alexxcreep,0
herbertamh,0
ne0juls,0
freddyu55801667,0
dihinojosa12,0
placeslwt,0
pflisandro,0
nesteterr,0
mena17toya,0
santibetancor16,0
thepiratef0x,0
expresoperu,0
anamoller,0
glendysyubisay,0
antoniodigenaro,0
elguichonense,1
_elpredicador_,0
pichurod,0
fabielg,2
lucia_viglietti,0
familiasorgep,0
ceroizquierdaa,0
nueva_gesta,0
anala61483150,1
rayaneandradek,1
sebasti80528322,0
smonforte12,0
atenty1,0
fraude_amplio1,0
jorgefabrega,0
flores317,0
elquenoaplica,0
gonzalobatalla3,0
luckitael,0
little_ellie_tw,0
geomendezmd,0
luulagos_,0
gabriella750222,1
leticia46293600,0
vicokuy,2
zurdogaymer777,0
lissidini1,0
omnimontevideo,1
jairosoto,0
nachito4,0
sandialover17,0
fedecasaretto,0
chazzok,0
willymc1010,0
_amor_amarillo,0
pachasanchez,0
soleaguerre,5
laubremaligna,0
pia_bermudez,0
sinescalas9,0
santiman97,1
aleperezel1,0
tiagorussomano,0
estelauruguay,0
berro_sylvia,2
vero_libelula,1
aguss12s,0
iltubito,0
sofisastre,0
monicapazos1,0
santi_acunab,0
delfinabisio01,1
gmodernell,1
raullealesposit,0
anail78,2
gabriaurinegro,0
manuel18991,0
facurebollo,0
wontollamarken,0
salfate12345,0
jungkookbambii,0
garcialucidarda,0
adrianm05179543,0
pablovillacist,0
_larosalia,0
martadodaro,0
meridacomunista,0
doc_alecuesta,0
ninjablanco88,0
valemassud,0
emekavoces,0
alanispenaa,0
micaalvareeez,0
barra2891891,0
canclinielrey,0
fernandowali,0
jmartinezjorge,0
baddnat2,1
pocitosalfrente,0
anlofa,0
ivan_padilla23,0
vickyliliana100,0
lordmondavarius,0
jackelinelinar4,0
adrenaexport,0
crisolivera4,0
juliagrisel,0
sebanogueira13,0
ananande1,0
artemisa_____0,0
cyclesclub,0
luciagallardo22,0
juancho6810,0
juliobarrios72,0
maggy_lrj,0
fueraterruco,0
ilk0k3,0
revistasemana,0
vaneyeca_,0
castlegmzss,0
alex_hm23,0
aescudero28,0
milagro_pau,1
pilarse29591807,0
reimagine_la,0
stephancaba1,0
mirtaleblank,0
escusandra,1
micaela34755345,0
carmenuren68,0
ameliep96802722,0
cuatromoreyears,1
pceexteriorarg,0
albertobetocal,1
dra_eutanasia,0
charol04,0
eliuy1979,0
analauramartir2,0
mariodtm,0
lunequis__,0
otrxputx,0
luisalbertosum,0
sole0808,0
jandresfagundez,0
yonolosvote2,0
esantacruz21,0
donvillaa,0
peachtown26,0
eriher20,0
ddieg07,0
jjanina77,0
fiobeltran,0
1987valen,0
martinccba,0
llanero23567289,0
dibrros,0
magnusnix,0
kathe3467,0
oligarcaca,0
emersonhn16,0
aiternativeluva,0
juan_romero69,0
ojosdeshuriken,0
misnoticias_mn,0
telecasterchina,0
pfernandezberi,0
florferreira03,1
viejoolimpica,0
gonzafermazza,0
jfberrutti,0
pmenesecamargo,0
depiladoradora,0
mmechevarria,0
argtcd,1
profejaguilar,0
ferausca,1
gscolavino1,0
fedeflore,0
marielaperezb,0
majfud,0
pablo7886,0
fxmaletit4n,0
marita_sequeira,0
elvalicero,0
wapesports,0
eljoraka,0
vicky28495,0
berrutia,0
oliverafidel,0
flor9591,0
gabrielolier,0
canaloncepunta,1
nataliadiel,0
flormaa_,0
muroaka,0
patrik305,0
404fuerzasayago,0
luis_benedetto,1
fernando_britos,0
rodri_zeballos,0
srta_ironica_,0
etchamendi,0
agualua,2
marbera_,0
ziocarlos,0
alemariatti,0
yaninalma3,0
chelomach5,0
altaamarga,2
matiacosta7,0
emilypoch,0
ronceleste,0
shamelern,0
kiferbrian00,0
domitaborga,0
roci_osm,0
adona_ms,0
globalbseguros,0
ventevenezuela,0
latercera,0
cristin22876814,0
royal11402929,0
marianasago2,0
clarincom,0
alearias029,0
neriibertoncllo,0
lcalimoxo,0
caritattes,0
mauriciocastroe,0
luis_fernandozu,0
soniachocron,0
nalilina,0
tgc_coalicion,0
bohemiana__,0
realmad99348144,1
adrian15730332,0
nestormillan14,0
jmarenasdiaz,0
ananeron2,0
sil_cerisola,0
ffonseca6,0
nanitur8,0
kaareaguerre,0
machadoerica11,0
elpoteok,0
maneihector,0
soleomendivil,0
pablo23,0
amarichiweu,0
antonio_fuques,0
_barbarroja,0
nahuelhendrix,0
jsosa7697,0
lonyshovhpfx,0
wafernandez40,0
taejkim_,0
yosoycastrillon,0
eliribe68007952,0
jacsarla,1
lieslieslover,0
cosaflow,0
mkiriganpalvin,0
alfrezgonzalo,0
handwrittenfate,0
mentiraenchile,0
javierc70703296,0
rossanacaputod1,1
tweetsperdidos,0
tweetthejohn,0
sksympathy,0
mabelmoraes4,0
disegnaedgardo,1
rocigozu,0
mrs_chochi,0
rapelita79,0
pirateking040,0
sochi_unuchi,1
pomigaston,0
monicamat66,0
leonrey1967,0
cathiiita18,0
clauminetti,0
incorrecta90,0
divisacolorada,0
mlamarthee,0
litolopezl,0
nitram09,0
payando1,0
negrogomez13,1
ribgataflora,0
arielsaporiti,0
maxicampo_,0
renfabre,0
coallagonzalo,0
danieldaners,0
fciavallenata,0
sgzaudi,0
nahiaradasilva,0
_sunjj,0
caetano15497367,0
leopoldovitch,0
golcaracol,0
anturio_negro,0
andrean_zuniga,0
gordaleonina,0
jeancodeec,0
aiexconway,0
marcoa_guerrero,0
rebollosilva,0
alimar00,0
cesarfocas,1
tatobass,0
josesubelzu,0
santiagomorait2,0
nai7241nai724,0
maru61680,1
zugall1,0
quedivinoche,0
lapeluquera,0
bayleyjorge,0
yoni_sabia,0
itsr0dnt,0
animorinfinito,0
herle88,0
britos46,0
john_fonts,0
scoherentesuy,1
andres_elicheix,0
antimitomania,0
profasoc03,0
pulpitop,0
alorafa,0
soycristin,0
pazrenatapaz,0
patrypineyro,0
pibecan17469384,0
wanda76680225,0
__mary0,0
gzechnas,0
tanenbaumarg,0
jemg49,0
fabrivang,0
roamarta2,0
juancamora4,0
elvillanify,0
carloslamancha,0
luisalahir,0
pazprogreso,0
feelingtwentty,0
alexislarzabal,0
alacabezaqno,0
disan_84,0
sol_g2,0
neilben14260504,1
julietacruzds,0
montserratmica,0
fernand74231394,0
atmatm27,0
sebasti93002749,0
facanelones,0
cabezamanya2,0
juancho_uy_ar,0
meli26love,0
abenchoam,0
marisolgalvezs1,1
canarymoon1,0
diegbau,0
silvana_comelli,0
ani_otravez,0
raquel_da,0
natfigbar,0
extranjero15,0
edilavarian,0
manuche1891,0
juancafenu,0
maritza54805296,0
paola13a,0
diegoco19491826,0
iamcarolinita,0
alsininvasores,0
lucianoherrerad,0
elconfidencial,0
thaguila,0
_paradojaz,0
thenutboi,0
soyelnexs,0
ctrl_alt_suprim,0
hhrmetic,0
demontalto,0
willianiturral2,0
nietche2053,0
